[
  {
    "id": "peaceful1",
    "name": "Peaceful Piano",
    "url": "/audio/background/peaceful-piano.mp3"
  },
  {
    "id": "worship1", 
    "name": "Soft Worship",
    "url": "/audio/background/soft-worship.mp3"
  },
  {
    "id": "meditation1",
    "name": "Meditation Strings", 
    "url": "/audio/background/meditation-strings.mp3"
  },
  {
    "id": "prayer1",
    "name": "Prayer Ambience",
    "url": "/audio/background/prayer-ambience.mp3"
  },
  {
    "id": "contemplation1",
    "name": "Contemplative Harp",
    "url": "/audio/background/contemplative-harp.mp3"
  }
]
