[
  {
    "id": "1",
    "name": "João",
    "testament": "new",
    "chapters": [
      {
        "number": 1,
        "verses": [
          "No princípio era o Verbo, e o Verbo estava com Deus, e o Verbo era Deus.",
          "Ele estava no princípio com Deus.",
          "Todas as coisas foram feitas por ele, e sem ele nada do que foi feito se fez.",
          "Nele estava a vida, e a vida era a luz dos homens.",
          "E a luz resplandece nas trevas, e as trevas não a compreenderam."
        ]
      },
      {
        "number": 2,
        "verses": [
          "E ao terceiro dia fizeram-se umas bodas em Caná da Galileia; e estava ali a mãe de Jesus.",
          "E foi também convidado Jesus e os seus discípulos para as bodas.",
          "E, faltando vinho, a mãe de Jesus lhe disse: Não têm vinho.",
          "Disse-lhe Jesus: Mulher, que tenho eu contigo? Ainda não é chegada a minha hora."
        ]
      },
      {
        "number": 3,
        "verses": [
          "E havia entre os fariseus um homem, chamado Nicodemos, príncipe dos judeus.",
          "Este foi ter de noite com Jesus, e disse-lhe: Rabi, bem sabemos que és Mestre, vindo de Deus; porque ninguém pode fazer estes sinais que tu fazes, se Deus não for com ele.",
          "Jesus respondeu, e disse-lhe: Na verdade, na verdade te digo que aquele que não nascer de novo, não pode ver o reino de Deus.",
          "Disse-lhe Nicodemos: Como pode um homem nascer, sendo velho? Pode, porventura, tornar a entrar no ventre de sua mãe, e nascer?",
          "Jesus respondeu: Na verdade, na verdade te digo que aquele que não nascer da água e do Espírito, não pode entrar no reino de Deus.",
          "O que é nascido da carne é carne, e o que é nascido do Espírito é espírito.",
          "Não te maravilhes de te ter dito: Necessário vos é nascer de novo.",
          "O vento assopra onde quer, e ouves a sua voz, mas não sabes de onde vem, nem para onde vai; assim é todo aquele que é nascido do Espírito.",
          "Nicodemos respondeu, e disse-lhe: Como pode ser isto?",
          "Jesus respondeu, e disse-lhe: Tu és mestre de Israel, e não sabes isto?",
          "Na verdade, na verdade te digo que nós dizemos o que sabemos, e testificamos o que vimos; e não aceitais o nosso testemunho.",
          "Se vos falei de coisas terrestres, e não crestes, como crereis, se vos falar das celestiais?",
          "Ora, ninguém subiu ao céu, senão o que desceu do céu, o Filho do homem, que está no céu.",
          "E, como Moisés levantou a serpente no deserto, assim importa que o Filho do homem seja levantado;",
          "Para que todo aquele que nele crê não pereça, mas tenha a vida eterna.",
          "Porque Deus amou o mundo de tal maneira que deu o seu Filho unigênito, para que todo aquele que nele crê não pereça, mas tenha a vida eterna.",
          "Porque Deus enviou o seu Filho ao mundo, não para que condenasse o mundo, mas para que o mundo fosse salvo por ele.",
          "Quem crê nele não é condenado; mas quem não crê já está condenado, porquanto não crê no nome do unigênito Filho de Deus.",
          "E a condenação é esta: Que a luz veio ao mundo, e os homens amaram mais as trevas do que a luz, porque as suas obras eram más.",
          "Porque todo aquele que faz o mal odeia a luz, e não vem para a luz, para que as suas obras não sejam reprovadas."
        ]
      }
    ]
  },
  {
    "id": "2",
    "name": "Salmos",
    "testament": "old",
    "chapters": [
      {
        "number": 1,
        "verses": [
          "Bem-aventurado o homem que não anda segundo o conselho dos ímpios, nem se detém no caminho dos pecadores, nem se assenta na roda dos escarnecedores.",
          "Antes tem o seu prazer na lei do SENHOR, e na sua lei medita de dia e de noite.",
          "Pois será como a árvore plantada junto a ribeiros de águas, a qual dá o seu fruto na estação própria, e cujas folhas não carecem; e tudo quanto fizer prosperará.",
          "Não são assim os ímpios; mas são como a moinha que o vento espalha.",
          "Por isso os ímpios não subsistirão no juízo, nem os pecadores na congregação dos justos.",
          "Porque o SENHOR conhece o caminho dos justos; porém o caminho dos ímpios perecerá."
        ]
      },
      {
        "number": 23,
        "verses": [
          "O SENHOR é o meu pastor; nada me faltará.",
          "Deitar-me faz em verdes pastos, guia-me mansamente a águas repousadas.",
          "Refrigera a minha alma; guia-me pelas veredas da justiça, por amor do seu nome.",
          "Ainda que eu andasse pelo vale da sombra da morte, não temeria mal algum, porque tu estás comigo; a tua vara e o teu cajado me consolam.",
          "Preparas uma mesa perante mim na presença dos meus inimigos, unges a minha cabeça com óleo, o meu cálice transborda.",
          "Certamente que a bondade e a misericórdia me seguirão todos os dias da minha vida; e habitarei na casa do SENHOR por longos dias."
        ]
      },
      {
        "number": 46,
        "verses": [
          "Deus é o nosso refúgio e fortaleza, socorro bem presente na angústia.",
          "Por isso não temeremos, ainda que a terra se mude, e ainda que os montes se transportem para o meio dos mares.",
          "Ainda que as águas bramam e se turvem, ainda que os montes se abalem pela sua braveza.",
          "Há um rio cujas correntes alegram a cidade de Deus, o santuário das moradas do Altíssimo.",
          "Deus está no meio dela; não será abalada; Deus a ajudará ao romper da manhã."
        ]
      }
    ]
  },
  {
    "id": "3",
    "name": "Mateus",
    "testament": "new", 
    "chapters": [
      {
        "number": 5,
        "verses": [
          "E Jesus, vendo a multidão, subiu a um monte, e, assentando-se, aproximaram-se dele os seus discípulos;",
          "E, abrindo a sua boca, os ensinava, dizendo:",
          "Bem-aventurados os pobres de espírito, porque deles é o reino dos céus;",
          "Bem-aventurados os que choram, porque eles serão consolados;",
          "Bem-aventurados os mansos, porque eles herdarão a terra;",
          "Bem-aventurados os que têm fome e sede de justiça, porque eles serão fartos;",
          "Bem-aventurados os misericordiosos, porque eles alcançarão misericórdia;",
          "Bem-aventurados os limpos de coração, porque eles verão a Deus;",
          "Bem-aventurados os pacificadores, porque eles serão chamados filhos de Deus;",
          "Bem-aventurados os que sofrem perseguição por causa da justiça, porque deles é o reino dos céus;"
        ]
      },
      {
        "number": 11,
        "verses": [
          "E aconteceu que, acabando Jesus de dar instruções aos seus doze discípulos, partiu dali a ensinar e a pregar nas cidades deles.",
          "E João, ouvindo no cárcere as obras de Cristo, enviou dois dos seus discípulos,",
          "Para lhe dizerem: És tu aquele que havia de vir, ou esperamos outro?",
          "E, respondendo Jesus, disse-lhes: Ide, e anunciai a João as coisas que ouvis e vedes:",
          "Os cegos veem, e os coxos andam; os leprosos são limpos, e os surdos ouvem; os mortos são ressuscitados, e aos pobres é anunciado o evangelho."
        ]
      }
    ]
  }
]
