[
  {
    "id": "1",
    "title": "Planos de Esperança",
    "verseReference": "Jeremias 29:11",
    "content": "Às vezes, quando as circunstâncias da vida nos cercam como nuvens escuras, é difícil acreditar que Deus tem planos bons para nós. O versículo de hoje nos lembra de uma verdade poderosa: Deus conhece cada detalhe da nossa jornada.\n\nOs planos de Deus não são apenas para nos dar conforto temporário, mas para nos dar uma esperança duradoura e um futuro repleto de propósito. Mesmo quando não conseguimos ver o caminho à frente, podemos confiar que Ele está nos guiando.\n\nHoje, permita que esta promessa acalme seu coração. Você não está navegando pela vida sozinho. O Criador do universo tem planos específicos e amorosos para você - planos que culminam em esperança e não em desespero.",
    "prayer": "Senhor, ajuda-me a confiar em Seus planos mesmo quando não posso ver o caminho. Que eu encontre paz sabendo que o Senhor está no controle. Amém.",
    "date": "2025-01-15T00:00:00Z"
  },
  {
    "id": "2", 
    "title": "Amor Sem Limites",
    "verseReference": "João 3:16",
    "content": "O amor de Deus é diferente de qualquer amor que conhecemos. Não é baseado no nosso desempenho, na nossa aparência ou no que podemos oferecer. É um amor incondicional que nos alcança exatamente onde estamos.\n\nQuando João escreveu que 'Deus amou o mundo de tal maneira', ele estava falando de um amor que não conhece fronteiras. Um amor que atravessa culturas, gerações e circunstâncias. Este amor foi demonstrado na maior expressão possível: o sacrifício de Jesus.\n\nHoje, lembre-se de que você é profundamente amado. Não porque você merece, mas porque Deus escolheu amá-lo. Este amor não muda com as estações da vida - permanece constante, inabalável e eterno.",
    "prayer": "Pai celestial, obrigado pelo Seu amor incomparável. Ajude-me a compreender mais profundamente o que significa ser amado por Ti. Que este amor transforme meu coração. Amém.",
    "date": "2025-01-16T00:00:00Z"
  },
  {
    "id": "3",
    "title": "Força na Fraqueza", 
    "verseReference": "Filipenses 4:13",
    "content": "Há momentos em que nos sentimos completamente inadequados para os desafios que enfrentamos. Nestes momentos, o versículo de Paulo aos Filipenses nos oferece uma perspectiva transformadora: nossa força não precisa vir de nós mesmos.\n\nPaulo não estava falando sobre uma capacidade mágica para fazer qualquer coisa que desejamos. Ele estava testemunhando sobre uma força que vem de Cristo para enfrentar qualquer situação que Deus permite em nossas vidas.\n\nEsta força se manifesta na perseverança durante as dificuldades, na paz em meio ao caos, e na esperança quando tudo parece perdido. É uma força que cresce não apesar de nossas fraquezas, mas através delas.",
    "prayer": "Jesus, eu reconheço minha necessidade da Sua força. Quando me sentir fraco, lembre-me de que Sua força se aperfeiçoa em minha fraqueza. Capacite-me para cada desafio. Amém.",
    "date": "2025-01-17T00:00:00Z" 
  }
]
