[
  {
    "id": "1",
    "number": "149",
    "title": "Sublime Amor",
    "lyrics": {
      "verses": [
        {
          "title": "1ª Estrofe",
          "content": "Sublime amor do meu Jesus!\nPaixão bendita, santa cruz!\nNela meu Mestre padeceu\nPara salvar-me, pois morreu."
        },
        {
          "title": "2ª Estrofe", 
          "content": "Por meus pecados padeceu\nO inocente e me venceu\nCom Seu amor tão eficaz,\nDando-me vida, gozo e paz."
        },
        {
          "title": "3ª Estrofe",
          "content": "Jamais eu posso compreender\nTão grande amor e tanto poder;\nMas sei que nEle encontrarei\nA paz que sempre buscarei."
        },
        {
          "title": "4ª Estrofe",
          "content": "Ó santos, todos com fervor\nCantai louvores ao Senhor!\nCristo nos deu a salvação,\nGlória, louvor e adoração!"
        }
      ],
      "chorus": "Sim, Cristo me ama!\nSim, Cristo me ama!\nSim, Cristo me ama!\nA Bíblia assim mo diz."
    },
    "audioUrl": "/audio/hymns/sublime-amor.mp3"
  },
  {
    "id": "2",
    "number": "4",
    "title": "Junto a Ti",
    "lyrics": {
      "verses": [
        {
          "title": "1ª Estrofe",
          "content": "Junto a Ti quero estar, meu Senhor,\nJunto a Ti, junto a Ti;\nEm Tua graça e santo amor,\nJunto a Ti, junto a Ti."
        },
        {
          "title": "2ª Estrofe",
          "content": "Nas batalhas quero estar\nJunto a Ti, junto a Ti;\nE com fé sempre lutar\nJunto a Ti, junto a Ti."
        },
        {
          "title": "3ª Estrofe", 
          "content": "Se a tristeza me cercar,\nJunto a Ti, junto a Ti;\nEu confio, sem duvidar,\nJunto a Ti, junto a Ti."
        }
      ],
      "chorus": "Junto a Ti, junto a Ti,\nQuero sempre estar;\nJunto a Ti, junto a Ti,\nMeu bom Salvador!"
    },
    "audioUrl": "/audio/hymns/junto-a-ti.mp3"
  },
  {
    "id": "3",
    "number": "1",
    "title": "Ceia do Senhor",
    "lyrics": {
      "verses": [
        {
          "title": "1ª Estrofe",
          "content": "Desejamos, Senhor Jesus,\nTua ceia celebrar;\nMeditar na morte tua\nE em teu grande amor pensar."
        },
        {
          "title": "2ª Estrofe",
          "content": "Nós pequenos, nós indignos\nDa tua graça e compaixão;\nMas por Cristo nós achamos\nLivre entrada e redenção."
        },
        {
          "title": "3ª Estrofe",
          "content": "Abençoa, ó Deus amado,\nEste pão que vamos comer;\nE o fruto da videira\nQue também vamos beber."
        }
      ]
    },
    "audioUrl": "/audio/hymns/ceia-do-senhor.mp3"
  },
  {
    "id": "4",
    "number": "5",
    "title": "Gratidão",
    "lyrics": {
      "verses": [
        {
          "title": "1ª Estrofe",
          "content": "Deus amado, nós chegamos\nCom profunda gratidão;\nPelos dons que nos outorgas\nE a doce comunhão."
        },
        {
          "title": "2ª Estrofe",
          "content": "Tu nos deste a Cristo amado\nPor suprema demonstração\nDo amor que é infinito\nE da tua compaixão."
        },
        {
          "title": "3ª Estrofe",
          "content": "Recebe, pois, ó Pai querido,\nNosso cântico de amor;\nE aceita nossas almas\nPor Jesus, nosso Senhor."
        }
      ]
    },
    "audioUrl": "/audio/hymns/gratidao.mp3"
  },
  {
    "id": "5",
    "number": "18",
    "title": "Ó Desce, Fogo Santo",
    "lyrics": {
      "verses": [
        {
          "title": "1ª Estrofe",
          "content": "Ó desce, fogo santo,\nAcende com fervor\nNossas almas todas\nCom divinal amor."
        },
        {
          "title": "2ª Estrofe",
          "content": "Vem, como grande vento,\nVem, com teu gran poder,\nE enche os corações\nDo teu santo querer."
        },
        {
          "title": "3ª Estrofe",
          "content": "Vem purificar-nos\nCom tua santa luz;\nVem santificar-nos,\nÓ Espírito de Jesus."
        }
      ],
      "chorus": "Vem sobre nós,\nEspírito de Deus!\nEnche nossos corações\nCom teu amor dos céus!"
    },
    "audioUrl": "/audio/hymns/desce-fogo-santo.mp3"
  }
]
