[
  {
    "id": "1",
    "reference": "João 3:16",
    "text": "Porque Deus amou o mundo de tal maneira que deu o seu Filho unigênito, para que todo aquele que nele crê não pereça, mas tenha a vida eterna.",
    "book": "João",
    "chapter": "3",
    "verse": "16",
    "category": "hope"
  },
  {
    "id": "2", 
    "reference": "Jeremias 29:11",
    "text": "Porque eu sei os planos que tenho para vocês, diz o Senhor, planos de prosperidade e não de desastre, para dar esperança e um futuro a vocês.",
    "book": "Jeremias",
    "chapter": "29",
    "verse": "11",
    "category": "hope"
  },
  {
    "id": "3",
    "reference": "Filipenses 4:19",
    "text": "E o meu Deus suprirá todas as vossas necessidades segundo as suas riquezas na glória em Cristo Jesus.",
    "book": "Filipenses", 
    "chapter": "4",
    "verse": "19",
    "category": "provision"
  },
  {
    "id": "4",
    "reference": "Salmos 23:1",
    "text": "O Senhor é o meu pastor; nada me faltará.",
    "book": "Salmos",
    "chapter": "23", 
    "verse": "1",
    "category": "comfort"
  },
  {
    "id": "5",
    "reference": "Isaías 41:10",
    "text": "Não temas, porque eu estou contigo; não te assombres, porque eu sou teu Deus; eu te fortaleço, e te ajudo, e te sustento com a destra da minha justiça.",
    "book": "Isaías",
    "chapter": "41",
    "verse": "10", 
    "category": "strength"
  },
  {
    "id": "6",
    "reference": "Mateus 11:28",
    "text": "Vinde a mim, todos os que estais cansados e oprimidos, e eu vos aliviarei.",
    "book": "Mateus",
    "chapter": "11",
    "verse": "28",
    "category": "comfort"
  },
  {
    "id": "7",
    "reference": "Romanos 8:28",
    "text": "E sabemos que todas as coisas contribuem juntamente para o bem daqueles que amam a Deus, daqueles que são chamados segundo o seu propósito.",
    "book": "Romanos",
    "chapter": "8",
    "verse": "28",
    "category": "hope"
  },
  {
    "id": "8",
    "reference": "Filipenses 4:13",
    "text": "Posso todas as coisas em Cristo que me fortalece.",
    "book": "Filipenses",
    "chapter": "4", 
    "verse": "13",
    "category": "strength"
  },
  {
    "id": "9",
    "reference": "Salmos 46:1",
    "text": "Deus é o nosso refúgio e fortaleza, socorro bem presente na angústia.",
    "book": "Salmos",
    "chapter": "46",
    "verse": "1",
    "category": "strength"
  },
  {
    "id": "10",
    "reference": "1 Pedro 5:7",
    "text": "Lançando sobre ele toda a vossa ansiedade, porque ele tem cuidado de vós.",
    "book": "1 Pedro",
    "chapter": "5",
    "verse": "7",
    "category": "peace"
  }
]
